user_id,product_id,type_interaction,date,duree_consultation,note,achat_complete
94,8,view,2024-01-01,195,,0
58,7,view,2024-01-02,81,,0
60,6,add_to_cart,2024-01-02,250,,0
25,11,add_to_cart,2024-01-02,226,5.0,1
29,4,purchase,2024-01-03,166,,0
74,27,view,2024-01-03,115,,1
15,11,view,2024-01-05,150,,0
92,13,view,2024-01-05,183,,0
30,20,view,2024-01-06,219,,0
50,16,view,2024-01-06,70,4.0,0
63,24,view,2024-01-07,26,,0
85,20,view,2024-01-08,23,,0
12,10,view,2024-01-08,62,4.0,0
53,3,view,2024-01-09,53,,1
17,23,view,2024-01-09,272,3.0,0
83,2,view,2024-01-09,237,3.0,0
51,1,view,2024-01-10,40,,0
81,8,add_to_cart,2024-01-11,193,4.0,0
20,17,add_to_cart,2024-01-11,29,,0
47,25,view,2024-01-12,10,,0
68,5,view,2024-01-12,299,1.0,0
58,28,view,2024-01-12,101,,0
49,6,view,2024-01-13,273,1.0,0
22,17,view,2024-01-13,225,1.0,0
12,1,purchase,2024-01-15,186,,0
23,27,view,2024-01-15,19,5.0,0
15,10,view,2024-01-16,150,,0
9,13,view,2024-01-17,229,,0
40,29,view,2024-01-18,235,1.0,0
54,30,add_to_cart,2024-01-19,288,,1
87,26,add_to_cart,2024-01-20,56,1.0,0
8,2,view,2024-01-20,34,,0
17,17,view,2024-01-21,197,4.0,0
64,9,view,2024-01-21,42,,0
75,6,view,2024-01-21,276,,0
16,29,view,2024-01-22,192,,1
91,29,view,2024-01-22,240,,0
28,9,add_to_cart,2024-01-23,177,,0
17,28,view,2024-01-24,139,,0
45,21,view,2024-01-25,227,,0
57,17,view,2024-01-26,160,5.0,0
63,30,view,2024-01-27,270,,0
72,21,view,2024-01-27,138,3.0,0
23,3,view,2024-01-28,265,,0
83,4,view,2024-01-28,247,,0
43,5,purchase,2024-01-29,119,,0
92,17,add_to_cart,2024-01-30,115,5.0,0
27,27,add_to_cart,2024-01-30,70,,0
79,5,view,2024-01-31,117,,0
90,6,view,2024-01-31,260,,0
86,17,view,2024-02-01,137,,0
76,22,view,2024-02-02,46,4.0,0
17,15,view,2024-02-03,37,3.0,0
25,7,add_to_cart,2024-02-03,288,1.0,0
73,19,view,2024-02-04,100,,0
47,27,add_to_cart,2024-02-04,100,5.0,0
17,27,view,2024-02-05,260,,0
13,26,purchase,2024-02-05,112,,0
64,5,view,2024-02-05,254,,0
93,30,view,2024-02-06,13,1.0,0
65,3,view,2024-02-06,146,,0
7,10,view,2024-02-07,235,,1
48,16,view,2024-02-07,31,,0
68,17,view,2024-02-09,241,,0
18,18,add_to_cart,2024-02-10,106,,0
83,13,add_to_cart,2024-02-11,200,,0
79,11,view,2024-02-11,67,,0
89,11,view,2024-02-13,123,,0
56,4,view,2024-02-13,273,,0
67,25,view,2024-02-14,141,3.0,0
33,24,view,2024-02-15,60,,0
58,9,view,2024-02-15,63,,0
34,11,view,2024-02-16,242,5.0,0
15,3,view,2024-02-17,132,,1
44,18,purchase,2024-02-17,138,2.0,0
40,20,view,2024-02-18,43,,0
46,25,view,2024-02-19,154,,0
2,17,view,2024-02-20,123,5.0,1
42,28,view,2024-02-20,134,,0
4,3,purchase,2024-02-21,30,,0
19,26,view,2024-02-21,115,2.0,0
75,18,view,2024-02-21,121,,0
56,30,view,2024-02-22,165,1.0,0
79,29,add_to_cart,2024-02-23,121,5.0,0
87,16,view,2024-02-24,262,,0
7,25,add_to_cart,2024-02-24,121,,0
57,26,view,2024-02-25,185,,0
29,21,add_to_cart,2024-02-26,62,4.0,0
5,30,view,2024-02-27,299,,0
69,21,add_to_cart,2024-02-28,291,3.0,0
80,30,purchase,2024-02-28,277,,1
97,27,view,2024-03-01,147,,0
44,2,add_to_cart,2024-03-02,234,,0
54,30,view,2024-03-02,61,3.0,1
30,4,view,2024-03-03,208,,0
60,8,view,2024-03-04,79,,1
70,5,view,2024-03-04,206,,0
55,25,view,2024-03-04,193,4.0,0
30,6,view,2024-03-05,233,5.0,0
30,19,view,2024-03-05,170,4.0,0
45,18,add_to_cart,2024-03-05,154,3.0,0
25,10,view,2024-03-06,172,,0
2,14,view,2024-03-08,82,,0
53,14,view,2024-03-08,139,4.0,0
91,26,view,2024-03-09,228,5.0,0
13,17,purchase,2024-03-09,253,,0
80,8,view,2024-03-09,283,,0
42,29,view,2024-03-10,88,,1
35,29,view,2024-03-10,293,3.0,0
27,26,view,2024-03-11,154,,0
85,10,view,2024-03-11,109,,0
74,7,view,2024-03-11,41,2.0,0
46,27,view,2024-03-12,147,,0
67,28,view,2024-03-13,289,,0
70,1,add_to_cart,2024-03-14,275,4.0,0
24,18,view,2024-03-14,140,,1
26,29,add_to_cart,2024-03-15,132,,0
8,13,add_to_cart,2024-03-15,259,5.0,0
64,19,view,2024-03-16,128,1.0,0
100,14,add_to_cart,2024-03-17,258,,0
65,7,view,2024-03-18,205,,0
59,21,add_to_cart,2024-03-18,27,2.0,0
69,8,view,2024-03-18,12,,0
38,6,view,2024-03-19,109,,0
13,6,view,2024-03-20,10,,0
82,6,view,2024-03-21,81,,0
3,30,view,2024-03-22,213,,0
82,17,view,2024-03-22,244,,0
53,13,view,2024-03-23,112,,0
62,7,view,2024-03-24,96,,0
49,5,view,2024-03-24,152,,0
59,22,view,2024-03-25,26,5.0,0
24,20,purchase,2024-03-25,229,1.0,0
80,8,purchase,2024-03-25,79,,0
42,25,purchase,2024-03-26,74,,0
44,24,view,2024-03-26,138,2.0,0
40,17,view,2024-03-26,266,,0
53,24,view,2024-03-27,105,,1
27,26,view,2024-03-28,160,,0
74,30,add_to_cart,2024-03-29,264,2.0,0
85,17,add_to_cart,2024-03-29,139,,0
3,10,view,2024-03-30,33,4.0,0
83,27,view,2024-03-31,57,,0
70,2,view,2024-03-31,202,,0
21,26,add_to_cart,2024-04-01,238,,0
11,14,view,2024-04-01,267,,0
64,22,add_to_cart,2024-04-02,51,,0
40,20,view,2024-04-03,216,,0
96,4,view,2024-04-04,26,,0
23,28,view,2024-04-04,196,4.0,0
26,28,view,2024-04-05,212,5.0,1
58,4,add_to_cart,2024-04-07,269,,1
8,2,view,2024-04-07,279,,0
88,7,view,2024-04-08,134,,0
24,22,view,2024-04-08,253,,0
59,28,view,2024-04-08,225,,1
75,13,purchase,2024-04-09,267,,0
59,10,view,2024-04-09,86,,0
45,6,purchase,2024-04-10,187,,0
71,8,view,2024-04-10,212,,0
47,18,view,2024-04-10,187,,0
34,13,view,2024-04-11,299,,0
53,1,view,2024-04-13,156,,0
76,24,view,2024-04-14,157,,0
29,22,add_to_cart,2024-04-14,275,,0
5,17,add_to_cart,2024-04-14,110,,0
88,27,view,2024-04-15,202,4.0,0
1,19,view,2024-04-16,151,,1
99,28,add_to_cart,2024-04-16,245,,0
36,12,purchase,2024-04-17,170,,0
62,20,purchase,2024-04-18,265,,0
81,5,view,2024-04-19,256,1.0,0
89,7,view,2024-04-20,196,,0
15,16,view,2024-04-20,85,,0
99,30,add_to_cart,2024-04-21,112,,0
100,30,add_to_cart,2024-04-21,287,,0
19,6,view,2024-04-22,128,,0
18,17,view,2024-04-22,25,5.0,0
76,17,add_to_cart,2024-04-23,228,,0
42,24,purchase,2024-04-24,18,,0
82,15,purchase,2024-04-24,80,1.0,0
63,5,view,2024-04-25,226,,0
21,16,add_to_cart,2024-04-25,193,,0
87,2,view,2024-04-26,84,1.0,0
19,2,purchase,2024-04-27,80,,0
46,12,add_to_cart,2024-04-27,181,,0
42,26,add_to_cart,2024-04-27,122,4.0,0
87,14,view,2024-04-28,14,,0
18,7,purchase,2024-04-29,178,,0
50,3,view,2024-04-29,206,3.0,0
97,6,view,2024-04-30,236,,0
18,12,view,2024-04-30,91,,0
40,3,view,2024-05-01,117,4.0,0
17,12,view,2024-05-01,202,,0
17,8,view,2024-05-01,221,,0
77,27,view,2024-05-03,178,,0
23,21,view,2024-05-04,241,,0
87,12,view,2024-05-06,202,3.0,1
59,27,view,2024-05-07,227,,1
24,4,view,2024-05-07,198,,0
67,15,view,2024-05-07,196,,0
77,21,view,2024-05-08,145,,0
8,16,add_to_cart,2024-05-08,154,1.0,0
53,17,view,2024-05-08,186,,0
2,14,add_to_cart,2024-05-10,49,,0
23,12,view,2024-05-11,191,4.0,0
25,9,add_to_cart,2024-05-11,61,,1
46,22,view,2024-05-12,105,,0
62,12,view,2024-05-13,45,1.0,0
45,26,view,2024-05-13,251,,0
17,29,view,2024-05-14,115,,1
81,27,view,2024-05-15,293,,0
22,29,purchase,2024-05-17,248,,0
54,6,view,2024-05-18,31,3.0,0
89,7,view,2024-05-19,39,,0
11,29,view,2024-05-20,72,,0
5,24,view,2024-05-20,44,,0
63,10,purchase,2024-05-20,205,,0
32,16,view,2024-05-21,282,,0
43,28,view,2024-05-21,192,2.0,0
91,17,add_to_cart,2024-05-22,287,,0
16,29,view,2024-05-23,264,,0
19,5,view,2024-05-23,49,,0
12,19,purchase,2024-05-24,275,,0
74,20,view,2024-05-24,169,,0
97,21,view,2024-05-25,85,,0
2,30,add_to_cart,2024-05-26,133,1.0,1
9,26,add_to_cart,2024-05-26,153,2.0,0
38,9,view,2024-05-27,237,1.0,0
30,4,view,2024-05-28,226,1.0,0
71,27,view,2024-05-29,139,,0
83,16,view,2024-05-29,49,3.0,0
26,11,view,2024-05-29,186,5.0,0
5,29,add_to_cart,2024-05-31,218,2.0,0
76,14,view,2024-06-02,269,,0
18,7,view,2024-06-02,53,,0
31,26,view,2024-06-03,55,,1
10,12,add_to_cart,2024-06-04,167,,0
76,11,view,2024-06-05,33,,0
10,7,view,2024-06-06,194,,0
66,20,view,2024-06-06,33,,0
29,30,view,2024-06-07,152,,0
40,1,view,2024-06-07,186,,0
14,3,view,2024-06-08,26,,0
36,28,view,2024-06-08,228,,0
55,5,view,2024-06-08,269,,0
24,2,view,2024-06-09,262,,0
66,20,view,2024-06-09,24,4.0,0
82,17,view,2024-06-10,149,,0
54,17,view,2024-06-10,19,,0
15,27,add_to_cart,2024-06-10,160,,0
98,29,add_to_cart,2024-06-12,190,4.0,1
75,30,add_to_cart,2024-06-12,100,,0
17,15,view,2024-06-13,150,3.0,0
16,7,view,2024-06-14,52,,0
55,8,purchase,2024-06-15,194,,1
49,2,add_to_cart,2024-06-15,126,,0
6,25,add_to_cart,2024-06-16,126,,0
67,18,purchase,2024-06-17,45,2.0,0
100,25,view,2024-06-18,75,,0
30,30,view,2024-06-18,12,,0
47,23,view,2024-06-19,250,,0
33,15,view,2024-06-20,215,1.0,0
27,20,add_to_cart,2024-06-21,239,4.0,0
84,14,view,2024-06-21,65,,0
96,27,view,2024-06-22,154,,1
17,9,view,2024-06-22,79,3.0,0
48,14,add_to_cart,2024-06-23,83,4.0,0
36,18,purchase,2024-06-23,248,,0
37,9,add_to_cart,2024-06-25,52,1.0,0
84,17,add_to_cart,2024-06-25,10,4.0,0
84,2,view,2024-06-26,37,,0
72,9,add_to_cart,2024-06-26,205,,1
34,16,add_to_cart,2024-06-27,238,,0
90,14,view,2024-06-28,125,,0
25,30,view,2024-06-29,283,,0
71,26,view,2024-06-29,148,,0
33,13,view,2024-06-29,149,,0
19,11,view,2024-06-30,49,2.0,0
79,4,view,2024-07-01,92,,0
34,7,add_to_cart,2024-07-01,237,4.0,0
98,30,view,2024-07-02,46,,0
94,4,view,2024-07-02,179,,0
42,21,view,2024-07-03,260,,0
5,15,view,2024-07-03,243,,0
48,29,add_to_cart,2024-07-04,41,2.0,0
49,5,view,2024-07-05,185,,1
33,21,view,2024-07-05,160,2.0,0
16,7,view,2024-07-05,208,3.0,0
53,27,view,2024-07-06,171,,0
21,4,view,2024-07-06,213,4.0,0
97,28,view,2024-07-06,295,,0
16,12,view,2024-07-07,45,,1
56,14,purchase,2024-07-08,113,,0
19,9,add_to_cart,2024-07-10,268,,0
13,21,purchase,2024-07-11,197,,1
90,24,add_to_cart,2024-07-11,174,3.0,0
28,23,view,2024-07-12,228,3.0,0
90,30,add_to_cart,2024-07-12,67,3.0,0
91,9,view,2024-07-13,30,1.0,0
42,7,view,2024-07-13,31,,0
58,13,view,2024-07-14,152,,0
11,28,view,2024-07-15,166,,0
44,19,view,2024-07-15,267,,0
38,4,view,2024-07-16,134,,0
67,19,view,2024-07-17,246,,0
85,15,view,2024-07-17,156,5.0,0
91,18,view,2024-07-18,238,,0
80,14,view,2024-07-19,10,,0
22,5,view,2024-07-19,258,,0
10,6,view,2024-07-20,193,,0
93,28,add_to_cart,2024-07-21,91,,0
10,17,view,2024-07-21,288,,1
98,5,view,2024-07-22,83,,0
27,22,view,2024-07-22,13,,0
59,24,view,2024-07-23,10,,1
36,23,view,2024-07-23,229,,0
67,1,view,2024-07-24,257,,0
64,4,view,2024-07-25,274,,0
14,13,view,2024-07-25,100,,0
28,10,view,2024-07-26,33,,0
74,26,add_to_cart,2024-07-26,14,,1
57,22,view,2024-07-27,290,,1
88,18,add_to_cart,2024-07-27,217,2.0,0
80,23,add_to_cart,2024-07-28,67,5.0,0
2,2,view,2024-07-28,172,,0
21,2,purchase,2024-07-29,238,,0
5,25,add_to_cart,2024-07-30,19,,0
80,18,view,2024-07-31,107,,0
69,30,view,2024-07-31,121,1.0,1
22,9,view,2024-08-01,266,4.0,0
96,6,add_to_cart,2024-08-01,215,,0
4,30,purchase,2024-08-01,69,,1
54,16,view,2024-08-02,124,,0
34,3,view,2024-08-02,241,,0
42,6,purchase,2024-08-03,88,,0
35,20,view,2024-08-03,68,3.0,0
7,28,view,2024-08-04,271,,0
66,7,view,2024-08-04,170,,0
38,28,view,2024-08-04,26,,0
39,27,view,2024-08-05,107,1.0,0
100,20,view,2024-08-07,63,,0
100,26,add_to_cart,2024-08-07,154,5.0,0
8,16,add_to_cart,2024-08-07,285,,0
69,22,view,2024-08-08,200,3.0,0
22,17,view,2024-08-08,67,,0
74,16,view,2024-08-09,74,5.0,0
34,1,view,2024-08-10,252,4.0,0
49,12,view,2024-08-11,103,,0
51,4,view,2024-08-11,257,,0
78,16,view,2024-08-12,18,,0
47,24,view,2024-08-12,51,,0
51,3,view,2024-08-13,36,,0
36,23,view,2024-08-14,13,,0
95,28,view,2024-08-14,181,4.0,0
40,3,view,2024-08-15,161,5.0,0
35,28,add_to_cart,2024-08-16,94,,0
76,6,purchase,2024-08-16,233,,0
85,23,view,2024-08-17,199,,1
98,18,view,2024-08-17,160,,0
72,20,purchase,2024-08-18,73,,0
87,30,add_to_cart,2024-08-18,116,2.0,0
45,10,add_to_cart,2024-08-20,142,,0
74,27,view,2024-08-20,24,,0
59,16,add_to_cart,2024-08-20,178,,0
54,22,view,2024-08-21,290,,1
36,13,view,2024-08-23,236,,0
80,21,add_to_cart,2024-08-23,105,,0
52,17,view,2024-08-23,107,,0
37,27,view,2024-08-24,94,,0
92,24,add_to_cart,2024-08-24,111,,0
21,26,view,2024-08-25,207,,0
54,6,purchase,2024-08-25,123,,0
43,18,view,2024-08-26,213,,0
24,7,view,2024-08-26,228,,0
58,30,view,2024-08-27,162,2.0,0
13,1,view,2024-08-27,117,,1
75,27,add_to_cart,2024-08-28,204,1.0,0
87,11,view,2024-08-28,194,,0
47,29,purchase,2024-08-30,238,,0
97,9,view,2024-08-30,37,,0
84,9,view,2024-08-30,86,3.0,0
34,8,view,2024-08-31,92,,0
83,9,add_to_cart,2024-08-31,299,,0
59,6,add_to_cart,2024-09-01,51,,0
89,29,view,2024-09-02,198,,1
2,28,view,2024-09-02,65,,0
59,6,view,2024-09-03,54,2.0,0
4,5,view,2024-09-03,206,3.0,0
63,14,purchase,2024-09-03,196,,0
18,11,view,2024-09-04,210,,1
68,22,view,2024-09-04,33,,0
7,5,add_to_cart,2024-09-05,62,,0
2,2,view,2024-09-06,129,3.0,0
65,12,purchase,2024-09-06,11,,0
69,30,add_to_cart,2024-09-06,275,,0
47,27,view,2024-09-07,229,,0
72,27,view,2024-09-07,82,1.0,0
18,19,view,2024-09-08,280,,0
47,24,purchase,2024-09-08,163,,0
55,16,view,2024-09-09,123,,0
42,13,view,2024-09-10,32,,0
81,1,view,2024-09-10,94,,0
59,18,view,2024-09-10,169,,0
51,20,view,2024-09-11,115,3.0,1
60,28,view,2024-09-11,84,3.0,0
92,5,view,2024-09-12,139,4.0,0
3,19,view,2024-09-13,108,3.0,0
98,14,view,2024-09-13,185,,0
43,2,view,2024-09-14,280,,0
52,3,purchase,2024-09-14,21,,0
1,18,add_to_cart,2024-09-15,45,,0
98,2,view,2024-09-15,288,,0
31,28,view,2024-09-16,158,,0
46,18,view,2024-09-16,25,,0
96,15,view,2024-09-17,276,,0
12,13,view,2024-09-17,46,,0
78,24,add_to_cart,2024-09-18,250,,0
27,25,view,2024-09-18,33,,0
39,3,view,2024-09-19,94,,0
39,1,purchase,2024-09-19,121,,1
27,22,view,2024-09-20,66,,1
34,2,view,2024-09-20,213,,0
2,18,view,2024-09-20,246,,0
91,18,purchase,2024-09-21,257,,0
52,5,view,2024-09-22,114,,0
57,29,view,2024-09-22,184,1.0,0
56,27,add_to_cart,2024-09-23,206,1.0,0
100,3,add_to_cart,2024-09-23,247,3.0,0
85,30,view,2024-09-24,48,2.0,0
56,13,add_to_cart,2024-09-24,90,,1
32,10,view,2024-09-25,251,4.0,0
77,8,purchase,2024-09-25,230,,0
77,28,view,2024-09-25,122,1.0,0
28,8,view,2024-09-26,151,,0
100,27,view,2024-09-26,91,,0
53,4,add_to_cart,2024-09-27,131,,0
14,21,view,2024-09-28,107,,0
46,13,view,2024-09-29,107,,0
81,3,view,2024-09-30,180,4.0,0
59,11,view,2024-10-01,70,1.0,1
75,23,add_to_cart,2024-10-01,245,5.0,0
37,5,view,2024-10-02,34,,0
30,27,view,2024-10-02,187,,0
60,3,view,2024-10-03,18,4.0,0
75,21,view,2024-10-04,201,,0
21,27,view,2024-10-04,81,4.0,0
5,18,view,2024-10-05,115,,0
47,14,view,2024-10-06,293,,0
69,13,view,2024-10-06,179,,0
100,13,view,2024-10-07,53,,0
66,10,view,2024-10-07,206,5.0,0
3,14,view,2024-10-07,243,4.0,0
4,15,view,2024-10-08,185,,0
14,26,view,2024-10-08,92,2.0,0
31,10,add_to_cart,2024-10-09,60,1.0,0
8,6,view,2024-10-09,24,2.0,0
74,1,add_to_cart,2024-10-09,36,3.0,0
89,20,view,2024-10-10,43,,0
32,17,view,2024-10-10,81,,0
88,5,view,2024-10-10,183,2.0,1
8,8,view,2024-10-11,227,3.0,0
69,24,add_to_cart,2024-10-11,267,,0
21,14,view,2024-10-12,68,,0
81,6,view,2024-10-13,160,,0
53,27,add_to_cart,2024-10-16,175,,0
29,17,add_to_cart,2024-10-16,229,,0
46,11,add_to_cart,2024-10-17,214,5.0,0
90,29,view,2024-10-18,113,4.0,0
13,28,view,2024-10-19,77,,0
43,24,view,2024-10-20,11,,0
57,25,view,2024-10-21,214,,0
11,8,view,2024-10-22,134,,0
4,15,view,2024-10-22,103,,0
2,3,view,2024-10-22,197,3.0,0
88,27,view,2024-10-23,150,4.0,0
20,14,view,2024-10-24,36,,0
94,2,purchase,2024-10-24,176,5.0,0
77,24,view,2024-10-25,163,1.0,1
76,7,view,2024-10-26,11,5.0,0
80,29,view,2024-10-26,109,,0
52,5,view,2024-10-27,43,,1
12,20,view,2024-10-28,96,3.0,0
80,21,view,2024-10-29,247,,0
87,3,view,2024-10-29,259,,1
3,19,view,2024-10-30,107,,0
40,3,add_to_cart,2024-10-30,275,,0
55,2,view,2024-10-31,296,,0
39,15,view,2024-11-01,159,,0
63,13,view,2024-11-01,238,,0
14,3,view,2024-11-01,117,1.0,0
39,3,view,2024-11-02,186,4.0,0
1,28,view,2024-11-02,294,,0
44,7,add_to_cart,2024-11-03,111,,0
41,21,view,2024-11-03,153,,0
80,4,add_to_cart,2024-11-04,63,,0
62,26,view,2024-11-04,217,,0
34,11,view,2024-11-05,77,,0
45,22,view,2024-11-05,28,,0
91,1,purchase,2024-11-07,250,,0
89,29,view,2024-11-07,290,,0
83,4,view,2024-11-08,18,,0
50,2,view,2024-11-09,279,4.0,0
11,1,view,2024-11-09,108,,0
9,5,view,2024-11-10,150,,1
63,21,add_to_cart,2024-11-11,86,4.0,0
84,25,purchase,2024-11-11,29,,0
82,22,add_to_cart,2024-11-12,209,,0
95,8,view,2024-11-13,259,,0
58,12,add_to_cart,2024-11-14,57,,0
4,10,view,2024-11-15,276,,0
13,16,view,2024-11-15,54,,0
73,9,view,2024-11-15,36,,0
65,20,view,2024-11-16,35,,0
81,3,view,2024-11-16,223,,0
3,4,view,2024-11-17,195,,0
39,28,view,2024-11-17,254,,0
86,26,view,2024-11-18,198,,0
6,12,view,2024-11-18,118,,0
17,4,view,2024-11-18,76,,0
38,17,view,2024-11-19,270,1.0,0
60,20,view,2024-11-19,34,,0
75,4,view,2024-11-19,39,4.0,0
66,17,view,2024-11-21,89,,0
16,22,view,2024-11-21,186,,0
60,13,purchase,2024-11-22,243,,0
53,17,view,2024-11-22,192,,0
72,9,view,2024-11-22,79,3.0,0
77,9,add_to_cart,2024-11-23,220,,0
24,10,view,2024-11-24,166,,0
76,26,view,2024-11-24,288,,0
70,30,view,2024-11-25,181,,0
79,4,view,2024-11-27,154,,0
71,9,view,2024-11-27,219,,0
26,16,view,2024-11-28,212,1.0,0
62,25,view,2024-11-28,214,,0
82,2,view,2024-11-29,57,,0
3,23,purchase,2024-11-29,87,,0
28,3,view,2024-11-30,172,,0
92,25,view,2024-12-01,161,,0
64,14,purchase,2024-12-01,146,,0
37,3,view,2024-12-02,13,3.0,0
10,18,view,2024-12-03,282,,0
72,19,view,2024-12-04,10,4.0,0
5,25,view,2024-12-05,65,,0
52,19,view,2024-12-05,68,5.0,0
48,14,add_to_cart,2024-12-05,217,4.0,0
85,5,add_to_cart,2024-12-06,156,,0
26,12,view,2024-12-06,31,,0
82,20,view,2024-12-07,285,,1
12,11,view,2024-12-07,108,3.0,0
81,11,add_to_cart,2024-12-08,113,5.0,0
12,1,add_to_cart,2024-12-08,22,,0
68,12,view,2024-12-09,252,,0
47,12,add_to_cart,2024-12-09,282,,0
33,6,view,2024-12-09,141,3.0,0
60,11,add_to_cart,2024-12-11,104,,0
70,19,add_to_cart,2024-12-11,65,,0
73,3,add_to_cart,2024-12-13,283,,0
100,3,view,2024-12-14,237,,0
67,26,view,2024-12-14,227,,0
58,14,add_to_cart,2024-12-15,17,1.0,0
60,7,view,2024-12-15,86,,0
75,23,view,2024-12-15,102,,0
6,16,view,2024-12-16,233,4.0,0
74,16,view,2024-12-17,31,,0
26,10,view,2024-12-17,156,,0
59,7,view,2024-12-19,270,,1
34,17,view,2024-12-19,261,,0
83,6,view,2024-12-20,75,2.0,0
20,27,view,2024-12-21,120,,0
45,19,view,2024-12-21,166,,0
92,2,purchase,2024-12-22,93,4.0,0
72,8,view,2024-12-22,96,3.0,0
45,5,view,2024-12-23,286,,0
40,12,view,2024-12-24,20,,0
100,14,view,2024-12-25,230,3.0,1
80,7,view,2024-12-26,127,4.0,0
45,27,view,2024-12-27,295,3.0,0
66,20,add_to_cart,2024-12-29,280,4.0,0
87,19,view,2024-12-30,252,5.0,0
51,1,add_to_cart,2024-12-31,39,4.0,0
68,20,view,2024-12-31,25,,0
65,6,add_to_cart,2025-01-01,265,,0
48,2,view,2025-01-01,131,,0
9,23,add_to_cart,2025-01-02,65,3.0,0
16,2,view,2025-01-03,20,,0
57,17,view,2025-01-03,261,1.0,0
42,17,view,2025-01-03,298,,0
42,8,purchase,2025-01-04,86,5.0,0
57,18,add_to_cart,2025-01-06,258,3.0,0
24,25,view,2025-01-06,81,2.0,0
1,29,view,2025-01-07,210,2.0,0
89,10,view,2025-01-07,17,,0
39,2,add_to_cart,2025-01-08,187,3.0,0
83,25,view,2025-01-09,276,1.0,0
49,14,view,2025-01-09,226,,0
4,26,view,2025-01-10,18,,0
40,13,view,2025-01-10,146,,0
30,30,view,2025-01-11,129,,0
22,22,view,2025-01-12,22,4.0,0
25,16,view,2025-01-12,210,,0
27,17,view,2025-01-13,212,,0
2,19,add_to_cart,2025-01-13,21,,0
41,9,add_to_cart,2025-01-14,152,,0
50,8,view,2025-01-17,112,,0
33,16,view,2025-01-17,79,,0
84,24,add_to_cart,2025-01-18,299,3.0,0
23,5,purchase,2025-01-18,150,,1
88,5,view,2025-01-19,194,2.0,0
77,7,add_to_cart,2025-01-20,18,,0
27,29,view,2025-01-20,290,1.0,0
68,4,view,2025-01-20,152,,0
34,18,view,2025-01-21,65,1.0,0
16,28,view,2025-01-22,117,1.0,0
92,18,view,2025-01-24,283,,0
4,4,view,2025-01-24,132,2.0,1
44,21,view,2025-01-24,194,,0
25,17,view,2025-01-25,285,4.0,0
3,15,view,2025-01-26,48,,0
34,28,view,2025-01-27,75,,0
97,22,purchase,2025-01-27,293,,0
11,1,view,2025-01-27,262,,1
7,17,add_to_cart,2025-01-28,189,,0
56,13,add_to_cart,2025-01-29,102,,0
46,26,view,2025-01-30,170,4.0,0
44,11,view,2025-01-30,62,,0
43,27,purchase,2025-01-30,149,2.0,0
53,4,purchase,2025-01-31,24,,1
12,23,view,2025-01-31,152,,0
96,28,add_to_cart,2025-01-31,265,2.0,0
26,20,add_to_cart,2025-02-01,141,,0
64,5,add_to_cart,2025-02-02,226,,0
63,15,add_to_cart,2025-02-03,88,,0
79,30,view,2025-02-03,87,,0
37,2,view,2025-02-04,135,,0
2,23,purchase,2025-02-05,274,2.0,0
8,25,add_to_cart,2025-02-05,242,,0
35,19,view,2025-02-06,22,,0
57,29,view,2025-02-07,203,,0
62,10,purchase,2025-02-08,114,,0
92,23,purchase,2025-02-08,182,,0
62,12,add_to_cart,2025-02-08,148,,0
78,14,view,2025-02-09,295,,0
77,16,add_to_cart,2025-02-09,149,,0
45,1,add_to_cart,2025-02-10,210,,0
83,30,add_to_cart,2025-02-10,257,,0
37,6,view,2025-02-11,28,3.0,0
87,14,view,2025-02-11,187,,0
18,1,purchase,2025-02-12,13,,0
23,6,add_to_cart,2025-02-13,256,,0
53,1,add_to_cart,2025-02-14,201,,1
72,6,purchase,2025-02-15,273,,0
73,23,view,2025-02-16,283,4.0,0
68,13,view,2025-02-16,29,2.0,0
31,5,view,2025-02-16,164,,0
46,17,view,2025-02-17,58,,0
16,2,view,2025-02-17,143,,0
86,17,view,2025-02-18,58,,0
79,27,view,2025-02-18,254,,0
100,28,add_to_cart,2025-02-18,26,,1
47,10,add_to_cart,2025-02-19,169,5.0,0
36,13,view,2025-02-19,297,4.0,0
59,26,add_to_cart,2025-02-19,115,,1
56,25,purchase,2025-02-20,22,,0
16,7,view,2025-02-21,174,,0
47,7,view,2025-02-21,265,,1
2,24,view,2025-02-21,192,,0
68,8,view,2025-02-22,270,1.0,1
11,17,view,2025-02-23,101,,0
64,11,view,2025-02-23,22,1.0,0
23,17,view,2025-02-23,194,3.0,0
40,14,view,2025-02-24,28,,0
87,5,view,2025-02-25,62,,0
78,9,view,2025-02-25,287,,1
4,25,view,2025-02-26,152,4.0,0
81,28,view,2025-02-26,74,,0
69,20,view,2025-02-27,284,3.0,0
6,4,purchase,2025-03-01,178,,0
86,14,add_to_cart,2025-03-02,280,,0
48,19,add_to_cart,2025-03-03,156,,0
26,25,view,2025-03-04,101,2.0,0
29,8,view,2025-03-05,284,,0
26,6,add_to_cart,2025-03-06,84,3.0,0
66,10,view,2025-03-07,175,,0
95,20,purchase,2025-03-07,109,,0
15,27,view,2025-03-07,106,,0
18,21,view,2025-03-08,94,,0
57,24,view,2025-03-09,254,3.0,0
51,25,add_to_cart,2025-03-10,186,,0
85,3,view,2025-03-11,14,,0
99,11,view,2025-03-11,228,1.0,0
78,22,view,2025-03-13,247,,0
21,16,purchase,2025-03-13,178,2.0,0
14,15,view,2025-03-14,120,,0
80,4,view,2025-03-14,213,1.0,0
2,1,add_to_cart,2025-03-15,142,,0
30,20,view,2025-03-15,82,,0
59,24,add_to_cart,2025-03-16,137,,0
100,1,view,2025-03-16,288,,0
83,21,view,2025-03-17,252,4.0,0
9,24,view,2025-03-17,83,,0
64,9,view,2025-03-18,88,,0
32,19,view,2025-03-18,160,,0
46,18,view,2025-03-18,192,,0
22,14,view,2025-03-19,195,,0
87,28,view,2025-03-19,243,2.0,0
75,7,add_to_cart,2025-03-20,260,,0
45,19,add_to_cart,2025-03-20,164,3.0,0
42,13,purchase,2025-03-20,69,,1
45,1,view,2025-03-21,148,3.0,0
9,9,view,2025-03-22,208,4.0,1
48,4,view,2025-03-23,231,1.0,0
51,11,purchase,2025-03-24,91,,0
69,3,view,2025-03-24,224,,0
32,12,view,2025-03-25,232,,0
24,11,view,2025-03-26,293,,0
66,25,view,2025-03-26,143,4.0,0
37,30,view,2025-03-27,156,,0
74,13,add_to_cart,2025-03-27,77,3.0,0
98,8,add_to_cart,2025-03-27,38,4.0,0
16,11,view,2025-03-28,296,,0
19,6,view,2025-03-28,145,,0
56,6,view,2025-03-29,18,,0
38,24,view,2025-03-29,147,,1
83,20,view,2025-03-30,108,,0
63,9,view,2025-03-30,71,,0
47,23,add_to_cart,2025-03-31,231,,0
41,16,purchase,2025-04-03,282,,0
64,30,view,2025-04-03,144,4.0,0
38,26,view,2025-04-04,282,,0
51,27,view,2025-04-05,19,3.0,0
44,27,view,2025-04-05,241,,1
48,13,view,2025-04-05,148,,0
55,16,view,2025-04-06,180,1.0,0
33,19,view,2025-04-06,120,,0
90,9,purchase,2025-04-07,175,5.0,0
27,6,purchase,2025-04-09,296,,0
46,8,add_to_cart,2025-04-09,94,,0
80,2,purchase,2025-04-10,192,,0
83,19,purchase,2025-04-10,25,,0
23,13,view,2025-04-11,292,,0
63,3,view,2025-04-11,30,,0
68,20,view,2025-04-12,25,2.0,0
47,28,purchase,2025-04-12,290,2.0,0
19,6,purchase,2025-04-12,171,,1
57,20,view,2025-04-13,27,,0
77,5,add_to_cart,2025-04-13,206,,0
97,13,view,2025-04-13,39,,0
65,27,add_to_cart,2025-04-14,180,,0
50,28,view,2025-04-15,232,,0
91,3,view,2025-04-16,138,,0
63,11,view,2025-04-17,102,,0
21,23,view,2025-04-17,281,,1
15,1,add_to_cart,2025-04-19,90,2.0,0
74,24,add_to_cart,2025-04-19,50,,0
14,22,view,2025-04-20,275,,0
51,6,view,2025-04-20,138,5.0,0
97,17,view,2025-04-21,147,,0
35,15,purchase,2025-04-22,221,,0
42,23,view,2025-04-22,237,,0
97,5,view,2025-04-22,156,,0
79,1,purchase,2025-04-24,252,,0
69,13,add_to_cart,2025-04-25,105,,0
24,1,view,2025-04-25,87,3.0,0
22,1,view,2025-04-25,138,,0
27,3,view,2025-04-26,88,5.0,0
25,24,view,2025-04-26,172,5.0,0
20,1,add_to_cart,2025-04-27,217,,0
69,12,view,2025-04-27,191,,0
83,26,view,2025-04-29,240,5.0,0
96,9,view,2025-04-29,35,1.0,0
68,27,add_to_cart,2025-04-30,119,,0
37,17,view,2025-04-30,120,,0
38,15,view,2025-05-02,296,,0
54,21,view,2025-05-02,206,2.0,0
19,22,view,2025-05-03,160,4.0,0
39,2,view,2025-05-03,155,,0
41,25,view,2025-05-04,202,4.0,0
79,4,view,2025-05-05,222,,0
73,21,view,2025-05-06,205,5.0,0
52,25,view,2025-05-06,162,5.0,0
47,2,view,2025-05-06,93,,0
19,26,view,2025-05-07,220,2.0,0
73,21,add_to_cart,2025-05-08,48,5.0,0
52,29,view,2025-05-09,84,2.0,0
76,27,view,2025-05-09,222,,0
30,27,view,2025-05-09,98,3.0,0
86,20,view,2025-05-10,105,,0
61,11,view,2025-05-10,259,,1
49,25,view,2025-05-11,63,4.0,0
19,5,add_to_cart,2025-05-12,224,,0
32,28,view,2025-05-13,255,4.0,0
8,16,add_to_cart,2025-05-13,63,4.0,0
71,11,add_to_cart,2025-05-13,201,,0
2,8,view,2025-05-14,289,,0
12,27,view,2025-05-15,127,,0
56,3,purchase,2025-05-16,166,2.0,1
87,2,add_to_cart,2025-05-16,30,2.0,0
80,14,view,2025-05-16,146,,1
84,19,view,2025-05-17,223,5.0,0
98,1,view,2025-05-17,131,,0
28,5,view,2025-05-18,137,,0
68,20,view,2025-05-19,224,,0
29,9,purchase,2025-05-20,128,,1
53,21,view,2025-05-20,122,,0
78,28,view,2025-05-20,266,,0
60,19,view,2025-05-21,225,,1
54,17,add_to_cart,2025-05-22,255,,0
35,28,view,2025-05-23,79,,0
37,5,view,2025-05-23,136,,0
29,18,view,2025-05-23,188,,0
30,26,add_to_cart,2025-05-24,157,4.0,0
94,29,add_to_cart,2025-05-25,294,4.0,0
40,30,view,2025-05-25,234,,1
74,23,view,2025-05-25,153,4.0,0
23,26,view,2025-05-26,86,,0
3,28,view,2025-05-26,39,,0
92,10,purchase,2025-05-28,131,5.0,0
77,4,add_to_cart,2025-05-28,32,,0
41,25,view,2025-05-28,89,,0
100,2,view,2025-05-29,178,,0
49,9,view,2025-05-29,146,,0
43,7,view,2025-05-31,222,5.0,0
53,11,add_to_cart,2025-06-01,148,,0
35,27,view,2025-06-01,97,,0
70,29,purchase,2025-06-02,18,,0
31,3,view,2025-06-02,170,1.0,0
27,22,view,2025-06-03,264,,0
94,13,view,2025-06-05,59,,0
92,11,view,2025-06-05,187,3.0,0
26,18,add_to_cart,2025-06-06,10,,0
33,23,view,2025-06-07,195,,0
40,4,view,2025-06-07,33,,0
14,13,view,2025-06-07,18,,1
19,1,add_to_cart,2025-06-08,172,,0
54,18,view,2025-06-09,141,,0
72,16,view,2025-06-09,90,,1
60,8,view,2025-06-10,40,,0
45,6,view,2025-06-11,114,1.0,0
2,1,add_to_cart,2025-06-11,164,,1
41,22,add_to_cart,2025-06-12,35,1.0,0
88,22,purchase,2025-06-12,57,1.0,0
28,2,add_to_cart,2025-06-13,255,,1
73,9,view,2025-06-13,212,2.0,0
75,19,view,2025-06-14,146,,0
30,1,add_to_cart,2025-06-15,50,3.0,0
86,26,purchase,2025-06-15,100,3.0,1
44,19,view,2025-06-15,281,,0
16,18,view,2025-06-16,266,,0
8,24,add_to_cart,2025-06-16,291,,0
25,5,add_to_cart,2025-06-17,289,,1
65,15,purchase,2025-06-17,178,5.0,0
23,15,view,2025-06-18,213,2.0,0
28,10,view,2025-06-18,289,5.0,0
18,1,add_to_cart,2025-06-18,97,,0
88,12,view,2025-06-19,83,,0
4,1,add_to_cart,2025-06-19,178,,0
77,26,view,2025-06-20,257,,0
63,15,add_to_cart,2025-06-20,116,4.0,0
67,26,purchase,2025-06-21,66,1.0,0
6,19,view,2025-06-21,67,,0
30,16,view,2025-06-21,54,,0
70,30,view,2025-06-22,82,,0
75,23,view,2025-06-22,40,,0
88,24,view,2025-06-23,39,,0
35,27,view,2025-06-23,193,,0
35,29,add_to_cart,2025-06-24,257,,0
61,1,view,2025-06-24,90,,0
97,15,view,2025-06-24,260,,0
62,17,purchase,2025-06-25,116,1.0,0
82,22,view,2025-06-26,147,,0
81,24,view,2025-06-27,204,,0
80,5,purchase,2025-06-28,148,,0
65,8,view,2025-06-28,60,3.0,0
36,16,view,2025-06-28,197,,0
100,23,view,2025-06-29,291,,0
100,16,view,2025-06-30,83,2.0,0
82,28,view,2025-06-30,240,,0
1,12,view,2025-07-01,46,,0
19,18,view,2025-07-01,31,,1
74,23,purchase,2025-07-02,285,,0
54,30,view,2025-07-02,231,,1
4,9,view,2025-07-02,285,,0
96,26,view,2025-07-03,206,,0
38,26,view,2025-07-04,277,,0
85,3,view,2025-07-04,73,,0
6,26,view,2025-07-04,19,4.0,0
89,30,view,2025-07-06,185,3.0,1
42,17,view,2025-07-07,13,5.0,0
35,13,view,2025-07-07,208,,1
100,18,view,2025-07-07,54,,1
55,29,purchase,2025-07-08,204,,0
38,18,view,2025-07-08,242,,0
46,8,view,2025-07-08,259,,0
16,24,view,2025-07-09,139,,0
23,29,view,2025-07-09,217,1.0,0
